,Project,Estimated time,Effort,Subject_clean,N of Part,Requirement,Task,Trivial,Private
0,100.1 Oramix - RGPD,4.0,4.0,monitoring meeting 1,1,0,1,1,0
1,100.1 Oramix - RGPD,4.0,4.0,workshop 6 information security,1,0,1,1,0
2,100.1 Oramix - RGPD,4.0,4.0,workshop 4 data violation and order management,1,0,1,1,0
3,100.1 Oramix - RGPD,4.0,8.0,workshop 2 risk treatment process,2,0,1,1,0
4,100.1 Oramix - RGPD,4.0,8.0,workshop 1 data treatment process,2,0,1,1,0
5,100.1 Oramix - RGPD,12.0,24.0,initial evaluation,2,0,1,1,0
6,100.1 Oramix - RGPD,2.0,4.0,workshop plan,2,0,1,1,0
7,100.1 Oramix - RGPD,3.5,7.0,initial training,2,0,1,1,0
8,100.1 Oramix - RGPD,4.0,12.0,kickoff meeting,3,0,1,1,0
9,100.1 Oramix - RGPD,3.0,6.0,project configuration,2,0,1,1,0
10,104.1 Ordem dos Farmacêuticos - RGPD,3.5,3.5,workshop 6 information security,1,0,1,1,1
11,104.1 Ordem dos Farmacêuticos - RGPD,3.5,7.0,workshop 5 support process,2,0,1,1,1
12,104.1 Ordem dos Farmacêuticos - RGPD,3.5,3.5,workshop 4 data violation and order management,1,0,1,1,1
13,104.1 Ordem dos Farmacêuticos - RGPD,3.5,3.5,workshop 3 privacy policy and consent process,1,0,1,1,1
14,104.1 Ordem dos Farmacêuticos - RGPD,3.0,6.0,workshop 2 risk treatment process,2,0,1,1,1
15,104.1 Ordem dos Farmacêuticos - RGPD,4.0,4.0,initial training,1,0,1,1,1
16,104.1 Ordem dos Farmacêuticos - RGPD,3.5,7.0,workshop 1 data treatment process,2,0,1,1,0
17,104.1 Ordem dos Farmacêuticos - RGPD,2.0,2.0,workshop plan,1,0,1,1,0
18,104.1 Ordem dos Farmacêuticos - RGPD,8.0,16.0,initial evaluation,2,0,1,1,0
19,104.1 Ordem dos Farmacêuticos - RGPD,2.0,2.0,project configuration,1,0,1,1,0
20,104.1 Ordem dos Farmacêuticos - RGPD,1.5,3.0,kickoff meeting,2,0,1,1,0
21,105.1 GADSA - ISO 27001,4.0,4.0,preparation workshop,1,0,1,1,1
22,105.1 GADSA - ISO 27001,28.0,28.0,preparation workshop,1,0,1,1,1
23,105.1 GADSA - ISO 27001,14.0,14.0,preparation workshop,1,0,1,1,1
24,105.1 GADSA - ISO 27001,4.0,4.0,followup 5 politics of it,1,0,1,1,1
25,105.1 GADSA - ISO 27001,4.0,8.0,accompaniment 3 quality manual information security information safety objective,2,0,1,1,1
26,105.1 GADSA - ISO 27001,4.0,8.0,accompaniment 2 inventory of asset and risk excel,2,0,1,1,1
27,105.1 GADSA - ISO 27001,4.0,4.0,accompaniment 1 it,1,0,1,1,1
28,105.1 GADSA - ISO 27001,2.0,2.0,workshop 7 capacity and availability management business continuity,1,0,1,1,0
29,105.1 GADSA - ISO 27001,3.0,3.0,workshop 6 purchase and legal,1,0,1,1,0
30,105.1 GADSA - ISO 27001,3.0,6.0,workshop 5 information security in hr marketing,2,0,1,1,0
31,105.1 GADSA - ISO 27001,2.0,4.0,workshop 4 vulnerability problem and incident management,2,0,1,1,0
32,105.1 GADSA - ISO 27001,8.0,8.0,workshop 3 physical and logical control,1,0,1,1,0
33,105.1 GADSA - ISO 27001,4.0,8.0,workshop 2 information security management system integrated system management,2,0,1,1,0
34,105.1 GADSA - ISO 27001,4.0,8.0,workshop 1 information security risk analysis and treatment,2,0,1,1,0
35,105.1 GADSA - ISO 27001,3.0,6.0,gap analysis initial presentation of result,2,0,1,1,0
36,105.1 GADSA - ISO 27001,2.0,4.0,gap analysis initial pre presentation result,2,0,1,1,0
37,105.1 GADSA - ISO 27001,4.0,12.0,initial gap analysis report,3,0,1,1,0
38,105.1 GADSA - ISO 27001,16.0,48.0,gap analysis inicial,3,0,1,1,0
39,105.1 GADSA - ISO 27001,1.0,4.0,project kickoff,4,0,1,1,0
40,105.1 GADSA - ISO 27001,1.0,4.0,kickoff,4,0,1,1,0
41,106.1 Effizency - ISO 27001,1.0,2.0,kickoff,2,0,1,1,0
42,106.1 Effizency - ISO 27001,2.0,6.0,gap analysis initial presentation of result,3,0,1,1,0
43,106.1 Effizency - ISO 27001,4.0,12.0,initial gap analysis report,3,0,1,1,0
44,106.1 Effizency - ISO 27001,12.0,36.0,gap analysis inicial,3,0,1,1,0
45,106.1 Effizency - ISO 27001,1.0,3.0,project kickoff,3,0,1,1,0
46,106.1 Effizency - ISO 27001,8.0,8.0,preparation workshop,1,0,1,1,1
47,106.1 Effizency - ISO 27001,8.0,8.0,preparation workshop,1,0,1,1,1
48,106.1 Effizency - ISO 27001,2.0,4.0,workshop 8 capacity and availability management business continuity,2,0,1,1,0
49,106.1 Effizency - ISO 27001,2.0,2.0,workshop 7 product development,1,0,1,0,0
50,106.1 Effizency - ISO 27001,2.0,4.0,workshop 6 purchase and legal,2,0,1,1,0
51,106.1 Effizency - ISO 27001,3.0,3.0,workshop 5 information security in hr marketing,1,0,1,1,0
52,106.1 Effizency - ISO 27001,2.0,4.0,workshop 4 vulnerability problem and incident management,2,0,1,1,0
53,106.1 Effizency - ISO 27001,2.5,2.5,workshop 3 physical and logical control,1,0,1,1,0
54,106.1 Effizency - ISO 27001,2.5,2.5,workshop 2 information security management system integrated system management,1,0,1,1,0
55,106.1 Effizency - ISO 27001,2.5,5.0,workshop 1 information security risk analysis and treatment,2,0,1,1,0
56,105.1 GADSA - RGPD,1.0,1.0,initial evaluation result report presentation,1,0,1,1,1
57,105.1 GADSA - RGPD,7.0,14.0,initial evaluation,2,0,1,1,0
58,105.1 GADSA - RGPD,2.0,2.0,workshop plan,1,0,1,1,0
59,105.1 GADSA - RGPD,3.5,3.5,initial training,1,0,1,1,0
60,105.1 GADSA - RGPD,1.0,2.0,kickoff meeting,2,0,1,1,0
61,105.1 GADSA - RGPD,1.0,2.0,prekickoff meeting,2,0,1,1,0
62,105.1 GADSA - RGPD,2.0,2.0,monitoring meeting 3,1,0,1,1,0
63,105.1 GADSA - RGPD,1.5,1.5,monitoring meeting 2,1,0,1,1,0
64,105.1 GADSA - RGPD,6.0,6.0,monitoring meeting 1,1,0,1,1,0
65,105.1 GADSA - RGPD,1.5,1.5,workshop 4 data violation and order management,1,0,1,1,0
66,105.1 GADSA - RGPD,3.0,3.0,workshop 3 privacy policy and consent process,1,0,1,1,0
67,105.1 GADSA - RGPD,1.5,1.5,workshop 2 risk treatment process,1,0,1,1,0
68,105.1 GADSA - RGPD,4.0,4.0,workshop 1 data treatment process,1,0,1,1,0
69,107.1 Cycloid - ISO 20000,4.0,4.0,accompaniment 8 quality,1,0,1,1,1
70,107.1 Cycloid - ISO 20000,2.0,2.0,accompaniment 7 service management,1,0,1,1,1
71,107.1 Cycloid - ISO 20000,4.0,4.0,monitoring 6 organizational context swot analysis integrated policy interested party and system objective,1,0,1,1,1
72,107.1 Cycloid - ISO 20000,4.0,4.0,followup 5 ticket tool request changesreclamations incident incident problem and incident,1,0,1,1,1
73,107.1 Cycloid - ISO 20000,4.0,4.0,accompaniment 4 service management metric report kickoff,1,0,1,1,1
74,107.1 Cycloid - ISO 20000,4.0,4.0,followup 1 service strategy service catalog process strategic management process service development process,1,0,1,1,1
75,107.1 Cycloid - ISO 20000,4.0,8.0,workshop 10 labor legislation in conciliation otica,2,0,1,1,1
76,107.1 Cycloid - ISO 20000,4.0,4.0,workshop 9 performance and improvement assessment,1,0,1,1,1
77,107.1 Cycloid - ISO 20000,4.0,8.0,accompaniment 3 service management service management process service plan customer satisfaction question,2,0,1,1,1
78,107.1 Cycloid - ISO 20000,4.0,8.0,accompaniment 2 establishment and service delivery process planning service transition service delivery management,2,0,1,1,1
79,107.1 Cycloid - ISO 20000,4.0,4.0,workshop 8 planning and operationalization,1,0,1,1,0
80,107.1 Cycloid - ISO 20000,4.0,8.0,workshop 7 support,2,0,1,1,0
81,107.1 Cycloid - ISO 20000,4.0,12.0,workshop 6 context of the organization and leadership,3,0,1,1,0
82,107.1 Cycloid - ISO 20000,4.0,8.0,workshop 5 capacity continuity and availability,2,0,1,1,0
83,107.1 Cycloid - ISO 20000,4.0,8.0,workshop 4 incident management request and service change,2,0,1,1,0
84,107.1 Cycloid - ISO 20000,4.0,4.0,workshop 3 service management,1,0,1,1,0
85,107.1 Cycloid - ISO 20000,4.0,8.0,workshop 2 establishment and service delivery,2,0,1,1,0
86,107.1 Cycloid - ISO 20000,4.0,8.0,workshop 1 strategy,2,0,1,1,0
87,107.1 Cycloid - ISO 20000,2.0,6.0,initial audit presentation of result,3,0,1,1,0
88,107.1 Cycloid - ISO 20000,2.0,6.0,initial audit pre presentation result,3,0,1,1,0
89,107.1 Cycloid - ISO 20000,4.0,20.0,initial audit report,5,0,1,1,0
90,107.1 Cycloid - ISO 20000,16.0,80.0,initial audit,5,0,1,1,0
91,107.1 Cycloid - ISO 20000,1.0,5.0,project kickoff,5,0,1,1,0
92,107.1 Cycloid - ISO 20000,1.0,4.0,kickoff,4,0,1,1,0
93,109.1 Freebalance - CMMI Development,8.0,24.0,gap analysis report presentation,3,0,1,1,0
94,109.1 Freebalance - CMMI Development,8.0,16.0,gap analysis report preparation,2,0,1,1,0
95,109.1 Freebalance - CMMI Development,16.0,48.0,initial gap analysis,3,0,1,1,0
96,109.1 Freebalance - CMMI Development,2.0,6.0,prekickoff meeting,3,0,1,1,1
97,109.1 Freebalance - CMMI Development,2.0,6.0,kickoff meeting,3,0,1,1,0
98,109.1 Freebalance - CMMI Development,0.5,0.5,project configuration cost center creation,1,0,1,1,0
99,109.1 Freebalance - CMMI Development,0.5,0.5,project configuration dropbox project folder creation,1,0,1,1,0
100,109.1 Freebalance - CMMI Development,0.5,0.5,project configuration project creation,1,0,1,1,0
101,109.1 Freebalance - CMMI Development,0.5,0.5,project configuration project instance creation,1,0,1,1,0
102,109.1 Freebalance - CMMI Development,0.5,0.5,project dissemination,1,0,1,1,0
103,109.1 Freebalance - CMMI Development,1.0,1.0,project planning,1,0,1,1,0
104,109.1 Freebalance - CMMI Development,2.0,2.0,team definition,1,0,1,1,0
105,109.1 Freebalance - CMMI Services ,3.0,9.0,cmmi training,3,0,1,1,0
106,109.1 Freebalance - CMMI Services ,16.0,48.0,initial gap analysis,3,0,1,1,0
107,109.1 Freebalance - CMMI Services ,8.0,24.0,gap analysis report presentation,3,0,1,1,0
108,109.1 Freebalance - CMMI Services ,16.0,32.0,gap analysis report preparation,2,0,1,1,0
109,109.1 Freebalance - CMMI Services ,1.0,1.0,project dissemination,1,0,1,1,0
110,109.1 Freebalance - CMMI Services ,2.0,2.0,project plan,1,0,1,1,0
111,109.1 Freebalance - CMMI Services ,1.0,1.0,financial adjudication,1,0,1,1,0
112,109.1 Freebalance - CMMI Services ,2.0,6.0,kickoff meeting,3,0,1,1,0
113,109.1 Freebalance - CMMI Services ,0.5,0.5,project configuration cost center creation,1,0,1,1,0
114,109.1 Freebalance - CMMI Services ,2.0,6.0,prekickoff meeting,3,0,1,1,0
115,109.1 Freebalance - CMMI Services ,1.0,1.0,project configuration dropbox project folder creation,1,0,1,1,0
116,109.1 Freebalance - CMMI Services ,1.0,1.0,project configuration project creation,1,0,1,1,0
117,109.1 Freebalance - CMMI Services ,1.0,1.0,project configuration project instance creation,1,0,1,1,0
118,109.1 Freebalance - CMMI Services ,2.0,2.0,project planning,1,0,1,1,0
119,109.1 Freebalance - CMMI Services ,2.0,2.0,team definition,1,0,1,1,0
120,113.1 Valuedate - ISO 27001,0.5,1.0,gap analysis alignment,2,0,1,1,1
121,113.1 Valuedate - ISO 27001,3.0,3.0,gap analysis preparation,1,0,1,1,1
122,113.1 Valuedate - ISO 27001,2.0,2.0,prepickoff preparation initial task,1,0,1,1,1
123,113.1 Valuedate - ISO 27001,9.0,9.0,introductory,1,0,1,1,1
124,113.1 Valuedate - ISO 27001,7.0,14.0,workshop 3 physical and logical control,2,0,1,1,0
125,113.1 Valuedate - ISO 27001,6.0,6.0,workshop 2 information security management system integrated system management,1,0,1,1,0
126,113.1 Valuedate - ISO 27001,3.25,6.5,workshop 1 information security risk analysis and treatment,2,0,1,1,0
127,113.1 Valuedate - ISO 27001,3.5,3.5,initial gap analysis report,1,0,1,1,0
128,113.1 Valuedate - ISO 27001,12.0,36.0,gap analysis inicial,3,0,1,1,0
129,113.1 Valuedate - ISO 27001,2.0,6.0,project kickoff,3,0,1,1,0
130,113.1 Valuedate - ISO 27001,1.0,2.0,kickoff,2,0,1,1,0
131,40.5 Innowave - ISO 27001,2.0,2.0,internal kickoff,1,0,1,1,0
132,40.5 Innowave - ISO 27001,1.0,1.0,project planning,1,0,1,1,0
133,40.5 Innowave - ISO 27001,2.0,2.0,project kickoff,1,0,1,1,0
134,40.5 Innowave - ISO 27001,1.0,1.0,kickoff,1,0,1,1,0
135,40.5 Innowave - ISO 27001,2.0,2.0,monitoring meeting 1,1,0,1,1,1
136,40.5 Innowave - ISO 27001,4.0,4.0,preparation external audit phase 1,1,0,1,1,1
137,40.5 Innowave - ISO 27001,2.0,2.0,action plan,1,0,1,1,1
138,40.5 Innowave - ISO 27001,8.0,8.0,external audit phase 1,1,0,1,1,1
139,40.5 Innowave - ISO 27001,2.0,2.0,final evaluation report,1,0,1,1,0
140,40.5 Innowave - ISO 27001,16.0,16.0,final evaluation,1,0,1,1,0
141,40.5 Innowave - ISO 27001,2.0,2.0,final evaluation presentation of result,1,0,1,1,0
142,40.5 Innowave - ISO 27001,2.0,2.0,preparation of the initial evaluation,1,0,1,1,0
143,40.5 Innowave - ISO 27001,2.0,2.0,initial evaluation presentation of result,1,0,1,1,0
144,40.5 Innowave - ISO 27001,4.0,4.0,report initial evaluation,1,0,1,1,0
145,40.5 Innowave - ISO 27001,16.0,16.0,initial evaluation,1,0,1,1,0
146,40.5 Innowave - ISO 27001,2.0,2.0,internal design closure,1,0,1,1,0
147,40.5 Innowave - ISO 27001,2.0,2.0,project zip,1,0,1,1,0
148,40.5 Innowave - ISO 27001,4.0,4.0,workshop 8 capacity management availability and continuity of business,1,0,1,1,0
149,40.5 Innowave - ISO 27001,4.0,4.0,workshop 5 information security in hr and marketing,1,0,1,1,0
150,40.5 Innowave - ISO 27001,4.0,4.0,workshop 4 troubleshootingvulnerabilities and incident,1,0,1,1,0
151,40.5 Innowave - ISO 27001,4.0,4.0,workshop 1 risk management,1,0,1,1,0
152,47.3 Xpand IT - ISO 27001,1.0,3.0,kickoff,3,0,1,1,1
153,47.3 Xpand IT - ISO 27001,1.0,4.0,kickoff,4,0,1,1,1
154,47.3 Xpand IT - ISO 27001,2.0,8.0,final report presentation,4,0,1,1,1
155,47.3 Xpand IT - ISO 27001,2.0,4.0,preliminary presentation of the report,2,0,1,1,1
156,47.3 Xpand IT - ISO 27001,12.0,36.0,initial gap analysis,3,0,1,1,1
157,47.3 Xpand IT - ISO 27001,3.0,3.0,workshop 8 capacity and availability management business continuity,1,0,1,1,0
158,47.3 Xpand IT - ISO 27001,2.0,4.0,workshop 7 product development,2,0,1,1,0
159,47.3 Xpand IT - ISO 27001,3.0,3.0,workshop 6 purchase and legal,1,0,1,1,0
160,47.3 Xpand IT - ISO 27001,3.0,3.0,workshop 5 information security in hr marketing,1,0,1,1,0
161,47.3 Xpand IT - ISO 27001,2.0,4.0,workshop 4 vulnerability problem and incident management,2,0,1,1,0
162,47.3 Xpand IT - ISO 27001,5.0,5.0,workshop 3 physical and logical control,1,0,1,1,0
163,47.3 Xpand IT - ISO 27001,3.0,3.0,workshop 2 information security management system integrated system management,1,0,1,1,0
164,47.3 Xpand IT - ISO 27001,3.0,6.0,workshop 1 information security risk analysis and treatment,2,0,1,1,0
165,47.3 Xpand IT - ISO 27001,0.5,0.5, iso 27001,1,0,1,1,1
166,47.3 Xpand IT - ISO 27001,0.5,0.5, iso 27001,1,0,1,1,1
167,47.3 Xpand IT - ISO 27001,3.0,3.0, preparation of accompaniment,1,0,1,1,1
168,47.3 Xpand IT - ISO 27001,2.0,4.0, preparation of accompaniment,2,0,1,1,1
169,47.3 Xpand IT - ISO 27001,3.0,3.0,accompaniment 4,1,0,1,1,1
170,47.3 Xpand IT - ISO 27001,3.0,6.0,accompaniment 3,2,0,1,1,1
171,47.3 Xpand IT - ISO 27001,3.0,3.0,followup 2,1,0,1,1,1
172,47.3 Xpand IT - ISO 27001,2.0,2.0,followup 1,1,0,1,1,1
173,77.1 Deloitte - CMMI Development 3,0.5,0.5,project configuration cost center creation,1,0,1,1,0
174,77.1 Deloitte - CMMI Development 3,2.0,2.0,prekickoff meeting,1,0,1,1,0
175,77.1 Deloitte - CMMI Development 3,0.5,0.5,project configuration dropbox project folder creation,1,0,1,1,0
176,77.1 Deloitte - CMMI Development 3,0.5,0.5,project configuration project creation,1,0,1,1,0
177,77.1 Deloitte - CMMI Development 3,0.5,0.5,project configuration project instance creation,1,0,1,1,0
178,77.1 Deloitte - CMMI Development 3,2.0,2.0,project planning,1,0,1,1,0
179,77.1 Deloitte - CMMI Development 3,2.0,2.0,team definition,1,0,1,1,0
180,77.1 Deloitte - CMMI Development 3,2.0,2.0,final gap analysis report presentation,1,0,1,1,0
181,77.1 Deloitte - CMMI Development 3,4.0,4.0,final gap analysis report preparation,1,0,1,1,0
182,77.1 Deloitte - CMMI Development 3,24.0,24.0,final gap analysis,1,0,1,1,0
183,77.1 Deloitte - CMMI Development 3,8.0,8.0,final gap analysis plan and preparation,1,0,1,1,0
184,77.1 Deloitte - CMMI Development 3,2.0,2.0,process monitoring,1,0,1,1,0
185,77.1 Deloitte - CMMI Development 3,2.0,2.0,project monitoring,1,0,1,1,0
186,77.1 Deloitte - CMMI Development 3,20.0,20.0,initial gap analysis,1,0,1,1,0
187,77.1 Deloitte - CMMI Development 3,2.0,2.0,gap analysis report presentation,1,0,1,1,0
188,77.1 Deloitte - CMMI Development 3,4.0,4.0,gap analysis report preparation,1,0,1,1,0
189,77.1 Deloitte - CMMI Development 3,6.0,6.0,analyze gap,1,0,1,1,0
190,77.1 Deloitte - CMMI Development 3,4.0,4.0,intermediate gap analysis report preparation,1,0,1,1,0
191,77.1 Deloitte - CMMI Development 3,2.0,2.0,intermediate gap analysis presentation,1,0,1,1,0
192,77.1 Deloitte - CMMI Development 3,16.0,16.0,intermediate gap analysis,1,0,1,1,0
193,77.1 Deloitte - CMMI Development 3,2.0,2.0,intermediate gap analysis plan and preparation,1,0,1,1,0
194,77.1 Deloitte - CMMI Development 3,1.0,1.0,project dissemination,1,0,1,1,0
195,77.1 Deloitte - CMMI Development 3,1.0,1.0,project plan,1,0,1,1,0
196,77.1 Deloitte - CMMI Development 3,1.0,1.0,financial adjudication,1,0,1,1,0
197,77.1 Deloitte - CMMI Development 3,1.0,1.0,kickoff meeting,1,0,1,1,0
198,77.1 Deloitte - CMMI Development 3,0.5,0.5,press release,1,0,1,1,0
199,77.1 Deloitte - CMMI Development 3,2.0,2.0,project closure video,1,0,1,1,0
200,77.1 Deloitte - CMMI Development 3,2.0,2.0,project closure,1,0,1,1,0
201,77.1 Deloitte - CMMI Development 3,2.0,2.0,internal closure,1,0,1,1,0
202,77.1 Deloitte - CMMI Development 3,4.0,4.0,readiness review meeting,1,0,1,1,0
203,77.1 Deloitte - CMMI Development 3,16.0,16.0,evidence mapping,1,0,1,1,0
204,77.1 Deloitte - CMMI Development 3,2.0,2.0,steering 4,1,0,1,1,1
205,77.1 Deloitte - CMMI Development 3,2.0,2.0,steering 3,1,0,1,1,1
206,77.1 Deloitte - CMMI Development 3,2.0,2.0,steering 2,1,0,1,1,1
207,77.1 Deloitte - CMMI Development 3,2.0,2.0,steering 1,1,0,1,1,1
208,77.1 Deloitte - CMMI Development 3,4.0,4.0,workshop quality,1,0,1,1,0
209,77.1 Deloitte - CMMI Development 3,16.0,16.0,workshop project management,1,0,1,1,0
210,77.1 Deloitte - CMMI Development 3,4.0,4.0,workshop requirement,1,0,1,1,0
211,77.1 Deloitte - CMMI Development 3,4.0,4.0,workshop organization structure,1,0,1,1,0
212,77.1 Deloitte - CMMI Development 3,8.0,8.0,workshop estimating,1,0,1,1,0
213,77.1 Deloitte - CMMI Development 3,16.0,16.0,workshop engineering,1,0,1,1,0
214,77.1 Deloitte - CMMI Development 3,8.0,8.0,steering meeting,1,0,1,1,0
215,77.1 Deloitte - CMMI Development 3,4.0,4.0,pilot monitoring,1,0,1,1,0
216,77.1 Deloitte - CMMI Development 3,4.0,4.0,pilot training,1,0,1,1,0
217,77.1 Deloitte - CMMI Development 3,2.0,2.0,workshop plan and preparation,1,0,1,1,0
218,77.1 Deloitte - CMMI Services,2.0,2.0,team definition,1,0,1,1,0
219,77.1 Deloitte - CMMI Services,4.0,4.0,gap analysis report presentation,1,0,1,1,0
220,77.1 Deloitte - CMMI Services,16.0,16.0,gap analysis report preparation,1,0,1,1,0
221,77.1 Deloitte - CMMI Services,2.0,2.0, service followup,1,0,1,1,0
222,77.1 Deloitte - CMMI Services,4.0,4.0, gap analysis cmmi srv 3 fill,1,0,1,1,0
223,77.1 Deloitte - CMMI Services,4.0,4.0, service followup,1,0,1,1,0
224,77.1 Deloitte - CMMI Services,4.0,4.0,workshop requirement,1,0,1,1,0
225,77.1 Deloitte - CMMI Services,4.0,4.0,workshop engineering,1,0,1,1,0
226,77.1 Deloitte - CMMI Services,4.0,4.0,workshop quality,1,0,1,1,0
227,77.1 Deloitte - CMMI Services,4.0,4.0,workshop organization structure,1,0,1,1,0
228,77.1 Deloitte - CMMI Services,4.0,4.0,workshop project management,1,0,1,1,0
229,77.1 Deloitte - CMMI Services,4.0,4.0,workshop estimating,1,0,1,1,0
230,77.1 Deloitte - CMMI Services,16.0,16.0, cmmi3 service intermediate rating,1,0,1,1,0
231,77.1 Deloitte - CMMI Services,8.0,8.0, cmmi3 service intermediate rating,1,0,1,1,0
232,77.1 Deloitte - CMMI Services,8.0,8.0, cmmi3 service intermediate rating,1,0,1,1,0
233,77.1 Deloitte - CMMI Services,4.0,4.0, service intermediate rating,1,0,1,1,0
234,77.1 Deloitte - CMMI Services,4.0,4.0, cmmi3 service followup preparation,1,0,1,1,0
235,77.1 Deloitte - CMMI Services,4.0,4.0, cmmi3 service followup preparation,1,0,1,1,0
236,77.1 Deloitte - CMMI Services,4.0,4.0, cmmi3 service intermediate rating presentation,1,0,1,1,0
237,77.1 Deloitte - CMMI Services,4.0,4.0, cmmi3 service internal meeting,1,0,1,1,0
238,77.1 Deloitte - CMMI Services,4.0,4.0, cmmi3 service report preparation,1,0,1,1,0
239,77.1 Deloitte - CMMI Services,4.0,4.0, gap analysis cmmi srv 3,1,0,1,1,0
240,77.1 Deloitte - CMMI Services,2.0,2.0, cmmi3 service correction report,1,0,1,1,0
241,77.1 Deloitte - CMMI Services,2.0,2.0, service introduction to mapping readness review,1,0,1,1,0
242,77.1 Deloitte - CMMI Services,4.0,4.0, development review report audit,1,0,1,1,0
243,77.1 Deloitte - CMMI Services,4.0,4.0, cmmi 3 svc evidence review,1,0,1,1,0
244,77.1 Deloitte - CMMI Services,4.0,4.0, cmmi3 service monitoring meeting,1,0,1,1,0
245,77.1 Deloitte - CMMI Services,4.0,4.0, cmmi3 service followup preparation,1,0,1,1,0
246,77.1 Deloitte - CMMI Services,4.0,4.0, cmmi3 service monitoring meeting,1,0,1,1,0
247,77.1 Deloitte - CMMI Services,8.0,8.0, service readiness review,1,0,1,1,0
248,77.1 Deloitte - CMMI Services,2.0,2.0, cmmi3 service workshop mapeamento,1,0,1,1,0
249,77.1 Deloitte - CMMI Services,16.0,16.0, cmmi3 service readiness review,1,0,1,1,0
250,77.1 Deloitte - CMMI Services,3.0,3.0, service resultados readiness review,1,0,1,1,0
251,77.1 Deloitte - CMMI Services,4.0,4.0, service readiness review,1,0,1,1,0
252,77.1 Deloitte - CMMI Services,4.0,4.0,readiness review meeting,1,0,1,1,0
253,77.1 Deloitte - CMMI Services,4.0,4.0, cmmi3 service monitoring meeting,1,0,1,1,0
254,77.1 Deloitte - CMMI Services,4.0,4.0, service sepg service tracking,1,0,1,1,0
255,77.1 Deloitte - CMMI Services,4.0,4.0, cmmi 3 svc preparation intermediate evaluation,1,0,1,1,0
256,77.1 Deloitte - CMMI Services,4.0,4.0, cmmi3 svc preparation service continuity plan,1,0,1,1,0
257,77.1 Deloitte - CMMI Services,4.0,4.0, cmmi3 service review of finding,1,0,1,1,0
258,77.1 Deloitte - CMMI Services,2.0,2.0, service followup,1,0,1,1,0
259,77.1 Deloitte - CMMI Services,2.0,2.0, acomamenta 46,1,0,1,1,0
260,77.1 Deloitte - CMMI Services,2.0,2.0, cmmi service monitoring,1,0,1,1,0
261,77.1 Deloitte - CMMI Services,32.0,32.0,scope,1,0,1,1,1
262,77.1 Deloitte - CMMI Services,32.0,32.0,scope,1,0,1,1,0
263,77.1 Deloitte - CMMI Services,2.0,2.0, cmmi3 service preparação lesson learned,1,0,1,1,1
264,77.1 Deloitte - CMMI Services,2.0,6.0,project closure video,3,0,1,1,0
265,77.1 Deloitte - CMMI Services,2.0,6.0,project closure,3,0,1,1,0
266,77.1 Deloitte - CMMI Services,4.0,4.0, cmmi service sepg meeting,1,0,1,1,0
267,77.1 Deloitte - CMMI Services,4.0,4.0, cmmi3 service monitoring meeting sepg,1,0,1,1,0
268,77.1 Deloitte - CMMI Services,4.0,4.0, cmmi3 service monitoring meeting,1,0,1,1,0
269,77.1 Deloitte - CMMI Services,4.0,4.0, cmmi3 service monitoring meeting,1,0,1,1,0
270,77.1 Deloitte - CMMI Services,1.0,1.0, cmmi service,1,0,1,1,0
271,77.1 Deloitte - CMMI Services,2.5,2.5, service 3 monitoring,1,0,1,1,0
272,77.1 Deloitte - CMMI Services,4.0,4.0, cmmi3 service readiness review result presentation,1,0,1,1,0
273,77.1 Deloitte - CMMI Services,8.0,8.0, cmmi3 service preparation of training scampi,1,0,1,1,0
274,77.1 Deloitte - CMMI Services,8.0,8.0, cmmi3 service training scampi,1,0,1,1,0
275,77.1 Deloitte - CMMI Services,8.0,8.0, cmmi service 3 scampi preparation,1,0,1,1,0
276,77.1 Deloitte - CMMI Services,1.0,1.0, cmmi service 3 review daa presentation scampi preparation,1,0,1,1,0
277,77.1 Deloitte - CMMI Services,8.0,8.0, cmmi service preparation scampi,1,0,1,1,0
278,77.1 Deloitte - CMMI Services,8.0,8.0, cmmi service 3 watching training scampi,1,0,1,1,0
279,79.1 DECO - RGPD,1.0,1.0,workshop plan,1,0,1,1,0
280,79.1 DECO - RGPD,2.0,2.0,kickoff meeting,1,0,1,1,0
281,79.1 DECO - RGPD,2.0,2.0,kick off presentation,1,0,1,1,0
282,79.1 DECO - RGPD,1.0,1.0,project configuration,1,0,1,1,0
283,79.1 DECO - RGPD,4.0,4.0,monitoring meeting 7,1,0,1,1,1
284,79.1 DECO - RGPD,4.0,4.0,monitoring meeting 6,1,0,1,1,1
285,79.1 DECO - RGPD,4.0,4.0,followup meeting 5,1,0,1,1,1
286,79.1 DECO - RGPD,4.0,4.0,monitoring meeting 4,1,0,1,1,1
287,79.1 DECO - RGPD,4.0,4.0,monitoring meeting 3,1,0,1,1,1
288,79.1 DECO - RGPD,4.0,4.0,monitoring meeting 2,1,0,1,1,1
289,79.1 DECO - RGPD,4.0,4.0,monitoring meeting 1,1,0,1,1,1
290,79.1 DECO - RGPD,4.0,4.0,monitoring meeting 12,1,0,1,1,0
291,79.1 DECO - RGPD,4.0,4.0,monitoring meeting 11,1,0,1,1,0
292,79.1 DECO - RGPD,4.0,4.0,followup meeting 10,1,0,1,1,0
293,79.1 DECO - RGPD,4.0,4.0,monitoring meeting 9,1,0,1,1,0
294,79.1 DECO - RGPD,4.0,4.0,monitoring meeting 8,1,0,1,1,0
295,79.1 DECO - RGPD,16.0,16.0,final evaluation plan,1,0,1,1,0
296,79.1 DECO - RGPD,4.0,4.0,workshop 4 data violation and order management,1,0,1,1,0
297,79.1 DECO - RGPD,4.0,4.0,workshop 3 privacy policy and consent process,1,0,1,1,0
298,79.1 DECO - RGPD,4.0,4.0,workshop 2 risk treatment process,1,0,1,1,0
299,79.1 DECO - RGPD,4.0,4.0,workshop 1 data treatment process,1,0,1,1,0
300,79.1 DECO - RGPD,8.0,8.0,initial evaluation,1,0,1,1,0
301,79.1 DECO - RGPD,6.0,6.0,steering meeting,1,0,1,1,0
302,79.1 DECO - RGPD,1.0,1.0,internal closure,1,0,1,1,0
303,79.1 DECO - RGPD,1.0,1.0,external closure,1,0,1,1,0
304,81.1 CIMPAS - RGPD,1.0,1.0,workshop plan,1,0,1,1,0
305,81.1 CIMPAS - RGPD,1.0,1.0,kickoff meeting,1,0,1,1,0
306,81.1 CIMPAS - RGPD,2.0,2.0,kick off presentation,1,0,1,1,0
307,81.1 CIMPAS - RGPD,1.0,1.0,project configuration,1,0,1,1,0
308,81.1 CIMPAS - RGPD,2.0,2.0,monitoring meeting 3,1,0,1,1,0
309,81.1 CIMPAS - RGPD,2.0,2.0,monitoring meeting 2,1,0,1,1,0
310,81.1 CIMPAS - RGPD,2.0,2.0,monitoring meeting 1,1,0,1,1,0
311,81.1 CIMPAS - RGPD,8.0,8.0,final evaluation plan,1,0,1,1,0
312,81.1 CIMPAS - RGPD,4.0,4.0,workshop 6 information security,1,0,1,1,0
313,81.1 CIMPAS - RGPD,4.0,4.0,workshop 4 data violation and order management,1,0,1,1,0
314,81.1 CIMPAS - RGPD,4.0,4.0,workshop 3 privacy policy and consent process,1,0,1,1,0
315,81.1 CIMPAS - RGPD,4.0,4.0,workshop 2 risk treatment process,1,0,1,1,0
316,81.1 CIMPAS - RGPD,4.0,4.0,workshop 1 data treatment process,1,0,1,1,0
317,81.1 CIMPAS - RGPD,8.0,8.0,initial evaluation,1,0,1,1,0
318,81.1 CIMPAS - RGPD,2.0,2.0,steering meeting,1,0,1,1,0
319,81.1 CIMPAS - RGPD,1.0,1.0,internal closure,1,0,1,1,0
320,81.1 CIMPAS - RGPD,1.0,1.0,external closure,1,0,1,1,0
321,82.1 PUBLICIS ONE - RGPD,1.0,1.0,workshop plan,1,0,1,1,0
322,82.1 PUBLICIS ONE - RGPD,8.0,8.0,initial training,1,0,1,1,0
323,82.1 PUBLICIS ONE - RGPD,1.0,1.0,kickoff meeting,1,0,1,1,0
324,82.1 PUBLICIS ONE - RGPD,2.0,2.0,kick off presentation,1,0,1,1,0
325,82.1 PUBLICIS ONE - RGPD,1.0,1.0,project configuration,1,0,1,1,0
326,82.1 PUBLICIS ONE - RGPD,16.0,16.0,final evaluation,1,0,1,1,0
327,82.1 PUBLICIS ONE - RGPD,8.0,8.0,monitoring meeting 4,1,0,1,1,0
328,82.1 PUBLICIS ONE - RGPD,2.0,2.0,monitoring meeting 3,1,0,1,1,0
329,82.1 PUBLICIS ONE - RGPD,2.0,2.0,monitoring meeting 2,1,0,1,1,0
330,82.1 PUBLICIS ONE - RGPD,2.0,2.0,monitoring meeting 1,1,0,1,1,0
331,82.1 PUBLICIS ONE - RGPD,14.0,14.0,publicis one rgpd monitoring,1,0,0,1,0
332,82.1 PUBLICIS ONE - RGPD,16.0,16.0,final evaluation plan,1,0,1,1,0
333,82.1 PUBLICIS ONE - RGPD,4.0,4.0,workshop 6 information security,1,0,1,1,0
334,82.1 PUBLICIS ONE - RGPD,8.0,8.0,workshop 2 risk treatment process,1,0,1,1,0
335,82.1 PUBLICIS ONE - RGPD,4.0,4.0,workshop 1 data treatment process,1,0,1,1,0
336,82.1 PUBLICIS ONE - RGPD,8.0,8.0,initial evaluation,1,0,1,1,0
337,82.1 PUBLICIS ONE - RGPD,2.0,2.0,steering meeting,1,0,1,1,0
338,82.1 PUBLICIS ONE - RGPD,1.0,1.0,internal closure,1,0,1,1,0
339,82.1 PUBLICIS ONE - RGPD,1.0,1.0,external closure,1,0,1,1,0
340,83.1 Ordem dos Engenheiros - RGPD,1.0,1.0,workshop plan,1,0,1,1,0
341,83.1 Ordem dos Engenheiros - RGPD,2.0,2.0,kickoff meeting,1,0,1,1,0
342,83.1 Ordem dos Engenheiros - RGPD,2.0,2.0,kick off presentation,1,0,1,1,0
343,83.1 Ordem dos Engenheiros - RGPD,1.0,1.0,project configuration,1,0,1,1,0
344,83.1 Ordem dos Engenheiros - RGPD,24.0,24.0,final evaluation,1,0,1,1,0
345,83.1 Ordem dos Engenheiros - RGPD,2.0,2.0,followup meeting 5,1,0,1,1,0
346,83.1 Ordem dos Engenheiros - RGPD,2.0,2.0,monitoring meeting 4,1,0,1,1,0
347,83.1 Ordem dos Engenheiros - RGPD,2.0,2.0,monitoring meeting 3,1,0,1,1,0
348,83.1 Ordem dos Engenheiros - RGPD,2.0,2.0,monitoring meeting 2,1,0,1,1,0
349,83.1 Ordem dos Engenheiros - RGPD,2.0,2.0,monitoring meeting 1,1,0,1,1,0
350,83.1 Ordem dos Engenheiros - RGPD,10.0,10.0,order of engineer rgpd monitoring,1,0,0,1,0
351,83.1 Ordem dos Engenheiros - RGPD,24.0,24.0,final evaluation plan,1,0,1,1,0
352,83.1 Ordem dos Engenheiros - RGPD,4.0,4.0,workshop 4 data violation and order management,1,0,1,1,0
353,83.1 Ordem dos Engenheiros - RGPD,16.0,16.0,workshop 2 risk treatment process,1,0,1,1,0
354,83.1 Ordem dos Engenheiros - RGPD,8.0,8.0,initial evaluation,1,0,1,1,0
355,83.1 Ordem dos Engenheiros - RGPD,10.0,10.0,steering meeting,1,0,1,1,0
356,83.1 Ordem dos Engenheiros - RGPD,1.0,1.0,internal closure,1,0,1,1,0
357,83.1 Ordem dos Engenheiros - RGPD,1.0,1.0,external closure,1,0,1,1,0
358,84.1 Omnibees - RGPD,1.0,1.0,workshop plan,1,0,1,1,0
359,84.1 Omnibees - RGPD,8.0,8.0,initial training,1,0,1,1,0
360,84.1 Omnibees - RGPD,2.0,2.0,kickoff meeting,1,0,1,1,0
361,84.1 Omnibees - RGPD,2.0,2.0,kick off presentation,1,0,1,1,0
362,84.1 Omnibees - RGPD,1.0,1.0,project configuration,1,0,1,1,0
363,84.1 Omnibees - RGPD,2.0,2.0,followup meeting 5,1,0,1,1,0
364,84.1 Omnibees - RGPD,2.0,2.0,monitoring meeting 4,1,0,1,1,0
365,84.1 Omnibees - RGPD,2.0,2.0,monitoring meeting 3,1,0,1,1,0
366,84.1 Omnibees - RGPD,2.0,2.0,monitoring meeting 2,1,0,1,1,0
367,84.1 Omnibees - RGPD,2.0,2.0,monitoring meeting 1,1,0,1,1,0
368,84.1 Omnibees - RGPD,16.0,16.0,final evaluation plan,1,0,1,1,0
369,84.1 Omnibees - RGPD,4.0,4.0,workshop 3 privacy policy and consent process,1,0,1,1,0
370,84.1 Omnibees - RGPD,4.0,4.0,workshop 2 risk treatment process,1,0,1,1,0
371,84.1 Omnibees - RGPD,8.0,8.0,initial evaluation,1,0,1,1,0
372,84.1 Omnibees - RGPD,2.0,2.0,project and process monitoring,1,0,1,1,0
373,84.1 Omnibees - RGPD,2.0,2.0,process training,1,0,1,1,0
374,84.1 Omnibees - RGPD,2.0,2.0,internal closure,1,0,1,1,0
375,84.1 Omnibees - RGPD,2.0,2.0,external closure,1,0,1,1,0
376,85.1 Ebankit - RGPD,1.0,1.0,workshop plan,1,0,1,1,0
377,85.1 Ebankit - RGPD,2.0,2.0,initial training,1,0,1,1,0
378,85.1 Ebankit - RGPD,2.0,2.0,kickoff meeting,1,0,1,1,0
379,85.1 Ebankit - RGPD,2.0,2.0,kick off presentation,1,0,1,1,0
380,85.1 Ebankit - RGPD,1.0,1.0,project configuration,1,0,1,1,0
381,85.1 Ebankit - RGPD,2.0,2.0,monitoring meeting 6,1,0,1,1,0
382,85.1 Ebankit - RGPD,2.0,2.0,followup meeting 5,1,0,1,1,0
383,85.1 Ebankit - RGPD,2.0,2.0,monitoring meeting 4,1,0,1,1,0
384,85.1 Ebankit - RGPD,2.0,2.0,monitoring meeting 3,1,0,1,1,0
385,85.1 Ebankit - RGPD,2.0,2.0,monitoring meeting 2,1,0,1,1,0
386,85.1 Ebankit - RGPD,2.0,2.0,monitoring meeting 1,1,0,1,1,0
387,85.1 Ebankit - RGPD,16.0,16.0,final evaluation plan,1,0,1,1,0
388,85.1 Ebankit - RGPD,2.0,2.0,workshop 5 process financial rh communication,1,0,0,1,0
389,85.1 Ebankit - RGPD,1.0,1.0,workshop 4 data violation and order management,1,0,1,1,0
390,85.1 Ebankit - RGPD,1.0,1.0,workshop 3 privacy policy and consent process,1,0,1,1,0
391,85.1 Ebankit - RGPD,4.0,4.0,workshop 2 risk treatment process,1,0,1,1,0
392,85.1 Ebankit - RGPD,2.0,2.0,workshop 1 data treatment process,1,0,1,1,0
393,85.1 Ebankit - RGPD,16.0,16.0,initial evaluation,1,0,1,1,0
394,85.1 Ebankit - RGPD,2.0,2.0,steering meeting,1,0,1,1,0
395,85.1 Ebankit - RGPD,1.0,1.0,internal closure,1,0,1,1,0
396,85.1 Ebankit - RGPD,1.0,1.0,external closure,1,0,1,1,0
397,85.2 Ebankit - CMMI2,7.0,7.0,followup preparation,1,0,1,1,1
398,85.2 Ebankit - CMMI2,2.0,2.0, cmmi2 information collection appraisal audit team,1,0,1,1,1
399,85.2 Ebankit - CMMI2,2.0,2.0,monitoring 22,1,0,1,1,1
400,85.2 Ebankit - CMMI2,2.0,2.0,followup preparation,1,0,1,1,1
401,85.2 Ebankit - CMMI2,1.0,1.0, cmmi2 meeting preparation audit,1,0,1,1,1
402,85.2 Ebankit - CMMI2,1.0,1.0,followup 21,1,0,1,1,1
403,85.2 Ebankit - CMMI2,1.0,1.0,monitoring 22,1,0,1,1,1
404,85.2 Ebankit - CMMI2,1.0,1.0,accompaniment 20,1,0,1,1,1
405,85.2 Ebankit - CMMI2,6.0,6.0,ceremony sprint planning sprint review,1,0,1,1,1
406,85.2 Ebankit - CMMI2,1.0,1.0,followup preparation,1,0,1,1,1
407,85.2 Ebankit - CMMI2,1.0,1.0,followup preparation,1,0,1,1,1
408,85.2 Ebankit - CMMI2,1.0,2.0,accompaniment 19,2,0,1,1,1
409,85.2 Ebankit - CMMI2,1.0,1.0,accompaniment 18,1,0,1,1,1
410,85.2 Ebankit - CMMI2,1.0,2.0, cmmi2 followup of ceremony,2,0,1,1,1
411,85.2 Ebankit - CMMI2,1.0,2.0,accompaniment 17,2,0,1,1,1
412,85.2 Ebankit - CMMI2,3.0,3.0,preparation of accompaniment,1,0,1,1,1
413,85.2 Ebankit - CMMI2,7.0,28.0,preparation accompaniment,4,0,1,1,1
414,85.2 Ebankit - CMMI2,2.0,8.0,accompaniment 16,4,0,1,1,1
415,85.2 Ebankit - CMMI2,2.0,8.0,accompaniment 15,4,0,1,1,1
416,85.2 Ebankit - CMMI2,1.0,4.0,accompaniment 14,4,0,1,1,1
417,85.2 Ebankit - CMMI2,2.0,8.0,accompaniment 13,4,0,1,1,1
418,85.2 Ebankit - CMMI2,2.0,8.0,accompaniment 12,4,0,1,1,1
419,85.2 Ebankit - CMMI2,2.0,8.0,followup 11,4,0,1,1,1
420,85.2 Ebankit - CMMI2,8.0,8.0, cmmi2 acompanhamento readiness review,1,0,1,1,1
421,85.2 Ebankit - CMMI2,2.0,4.0, cmmi2 monitoring audit,2,0,1,1,1
422,85.2 Ebankit - CMMI2,2.0,4.0, cmmi2 accompaniment ceremony scrum,2,0,1,1,1
423,85.2 Ebankit - CMMI2,2.0,8.0,accompaniment 10,4,0,1,1,1
424,85.2 Ebankit - CMMI2,2.0,8.0,accompaniment 9,4,0,1,1,1
425,85.2 Ebankit - CMMI2,2.0,8.0,accompaniment 8,4,0,1,1,1
426,85.2 Ebankit - CMMI2,2.0,8.0,accompaniment 7,4,0,1,1,1
427,85.2 Ebankit - CMMI2,2.0,8.0, cmmi2 presentation of result,4,0,1,1,1
428,85.2 Ebankit - CMMI2,2.0,8.0,followup preparation 6,4,0,1,1,1
429,85.2 Ebankit - CMMI2,2.0,8.0,preparation followup 5,4,0,1,1,1
430,85.2 Ebankit - CMMI2,2.0,8.0,followup preparation 4,4,0,1,1,1
431,85.2 Ebankit - CMMI2,2.0,8.0,followup preparation 3,4,0,1,1,1
432,85.2 Ebankit - CMMI2,2.0,8.0,preparation monitoring 2,4,0,1,1,1
433,85.2 Ebankit - CMMI2,2.0,8.0,accompaniment 6,4,0,1,1,1
434,85.2 Ebankit - CMMI2,2.0,8.0,followup 5,4,0,1,1,1
435,85.2 Ebankit - CMMI2,4.0,16.0,accompaniment 4,4,0,1,1,1
436,85.2 Ebankit - CMMI2,4.0,16.0,accompaniment 3,4,0,1,1,1
437,85.2 Ebankit - CMMI2,2.0,8.0,followup 2,4,0,1,1,1
438,85.2 Ebankit - CMMI2,2.0,8.0,followup 1,4,0,1,1,1
439,85.2 Ebankit - CMMI2,20.0,20.0, workshop preparação workshop,1,0,1,1,1
440,85.2 Ebankit - CMMI2,4.0,4.0, cmmi2 preparation workshop requirement management,1,0,1,1,0
441,85.2 Ebankit - CMMI2,2.0,2.0, cmmi2 preparação workshop gp,1,0,1,1,0
442,85.2 Ebankit - CMMI2,4.0,4.0, cmmi 2 preparar gap analysis,1,0,1,1,0
443,85.2 Ebankit - CMMI2,3.0,3.0, cmmi 2 preparing initial training,1,0,1,1,0
444,85.2 Ebankit - CMMI2,2.0,2.0, cmmi 2 presentation of the gap analysis report,1,0,1,1,0
445,85.2 Ebankit - CMMI2,3.0,3.0, cmmi 2 executive training,1,0,1,1,0
446,85.2 Ebankit - CMMI2,2.0,2.0, cmmi2 ler le,1,0,1,1,0
447,85.2 Ebankit - CMMI2,2.0,2.0, cmmi2 preparing training,1,0,1,1,0
448,85.2 Ebankit - CMMI2,4.0,4.0, gap analysis report initial,1,0,1,1,0
449,85.2 Ebankit - CMMI2,4.0,4.0, cmmi2 cmmi training workshop le  process,1,0,1,1,0
450,85.2 Ebankit - CMMI2,4.0,4.0, cmmi2 preparação gap analysis,1,0,1,1,0
451,85.2 Ebankit - CMMI2,4.0,4.0, cmmi2 presentation of result,1,0,1,1,0
452,85.2 Ebankit - CMMI2,4.0,4.0, cmmi2 executive training,1,0,1,1,0
453,85.2 Ebankit - CMMI2,8.0,8.0, cmmi2 preparation training,1,0,1,1,0
454,85.2 Ebankit - CMMI2,1.0,1.0,project closure,1,0,1,1,0
455,85.2 Ebankit - CMMI2,2.0,2.0,internal project closure interno,1,0,1,1,0
456,85.2 Ebankit - CMMI2,32.0,96.0,scope,3,0,1,1,0
457,85.2 Ebankit - CMMI2,4.5,13.5,scampi plan and preparation,3,0,1,1,0
458,85.2 Ebankit - CMMI2,12.0,36.0,evidence mapping,3,0,1,1,0
459,85.2 Ebankit - CMMI2,8.0,32.0,scampi c,4,0,1,1,0
460,85.2 Ebankit - CMMI2,4.0,4.0,scampi c plan and preparation,1,0,1,1,0
461,85.2 Ebankit - CMMI2,4.0,12.0,workshop requirement,3,0,1,1,0
462,85.2 Ebankit - CMMI2,4.0,12.0,workshop engineering,3,0,1,1,0
463,85.2 Ebankit - CMMI2,2.0,6.0,workshop quality,3,0,1,1,0
464,85.2 Ebankit - CMMI2,2.0,6.0,workshop gov ii,3,0,1,1,0
465,85.2 Ebankit - CMMI2,3.0,9.0,workshop project management,3,0,1,1,0
466,85.2 Ebankit - CMMI2,1.0,3.0,workshop estimating,3,0,1,1,0
467,85.2 Ebankit - CMMI2,4.0,4.0,financial adjudication,1,0,1,1,0
468,85.2 Ebankit - CMMI2,4.0,4.0,kickoff meeting,1,0,1,1,0
469,85.2 Ebankit - CMMI2,1.0,1.0,project configuration cost center creation,1,0,1,1,0
470,85.2 Ebankit - CMMI2,1.0,1.0,project configuration dropbox project folder creation,1,0,1,1,0
471,85.2 Ebankit - CMMI2,1.0,1.0,project configuration project creation,1,0,1,1,0
472,85.2 Ebankit - CMMI2,1.0,1.0,project configuration project instance creation,1,0,1,1,0
473,85.2 Ebankit - CMMI2,1.0,1.0,project dissemination,1,0,1,1,0
474,85.2 Ebankit - CMMI2,1.0,1.0,project planning,1,0,1,1,0
475,85.2 Ebankit - CMMI2,4.0,4.0,project configuration,1,0,1,1,0
476,85.2 Ebankit - CMMI2,2.0,2.0,team definition,1,0,1,1,0
477,86.1 I.Câncio - RGPD,1.0,1.0,workshop plan,1,0,1,1,0
478,86.1 I.Câncio - RGPD,8.0,8.0,initial training,1,0,1,1,0
479,86.1 I.Câncio - RGPD,2.0,2.0,kickoff meeting,1,0,1,1,0
480,86.1 I.Câncio - RGPD,2.0,2.0,kick off presentation,1,0,1,1,0
481,86.1 I.Câncio - RGPD,1.0,1.0,project configuration,1,0,1,1,0
482,86.1 I.Câncio - RGPD,4.0,4.0,monitoring meeting 1,1,0,1,1,0
483,86.1 I.Câncio - RGPD,16.0,16.0,final evaluation plan,1,0,1,1,0
484,86.1 I.Câncio - RGPD,4.0,4.0,workshop 6 information security,1,0,1,1,0
485,86.1 I.Câncio - RGPD,4.0,4.0,workshop 3 privacy policy and consent process,1,0,1,1,0
486,86.1 I.Câncio - RGPD,4.0,4.0,workshop 2 risk treatment process,1,0,1,1,0
487,86.1 I.Câncio - RGPD,4.0,4.0,steering meeting,1,0,1,1,0
488,86.1 I.Câncio - RGPD,1.0,1.0,internal closure,1,0,1,1,0
489,86.1 I.Câncio - RGPD,1.0,1.0,external closure,1,0,1,1,0
490,88.1 Fraunhofer - RGPD,1.0,1.0,workshop plan,1,0,1,1,0
491,88.1 Fraunhofer - RGPD,4.0,4.0,initial training,1,0,1,1,0
492,88.1 Fraunhofer - RGPD,2.0,2.0,kickoff meeting,1,0,1,1,0
493,88.1 Fraunhofer - RGPD,2.0,2.0,kick off presentation,1,0,1,1,0
494,88.1 Fraunhofer - RGPD,1.0,1.0,project configuration,1,0,1,1,0
495,88.1 Fraunhofer - RGPD,2.0,2.0,monitoring meeting 13,1,0,1,1,1
496,88.1 Fraunhofer - RGPD,2.0,2.0,monitoring meeting 12,1,0,1,1,1
497,88.1 Fraunhofer - RGPD,2.0,2.0,monitoring meeting 11,1,0,1,1,1
498,88.1 Fraunhofer - RGPD,2.0,2.0,followup meeting 10,1,0,1,1,1
499,88.1 Fraunhofer - RGPD,2.0,2.0,monitoring meeting 9,1,0,1,1,1
500,88.1 Fraunhofer - RGPD,2.0,2.0,monitoring meeting 8,1,0,1,1,1
501,88.1 Fraunhofer - RGPD,2.0,2.0,monitoring meeting 7,1,0,1,1,1
502,88.1 Fraunhofer - RGPD,16.0,16.0,final evaluation,1,0,1,1,0
503,88.1 Fraunhofer - RGPD,2.0,2.0,monitoring meeting 6,1,0,1,1,0
504,88.1 Fraunhofer - RGPD,2.0,2.0,followup meeting 5,1,0,1,1,0
505,88.1 Fraunhofer - RGPD,2.0,2.0,monitoring meeting 4,1,0,1,1,0
506,88.1 Fraunhofer - RGPD,2.0,2.0,monitoring meeting 3,1,0,1,1,0
507,88.1 Fraunhofer - RGPD,2.0,2.0,monitoring meeting 2,1,0,1,1,0
508,88.1 Fraunhofer - RGPD,2.0,2.0,monitoring meeting 1,1,0,1,1,0
509,88.1 Fraunhofer - RGPD,26.0,26.0,fraunhofer rgpd accompaniment,1,0,0,1,0
510,88.1 Fraunhofer - RGPD,16.0,16.0,final evaluation plan,1,0,1,1,0
511,88.1 Fraunhofer - RGPD,4.0,4.0,workshop 6 information security,1,0,1,1,0
512,88.1 Fraunhofer - RGPD,4.0,4.0,workshop 4 data violation and order management,1,0,1,1,0
513,88.1 Fraunhofer - RGPD,4.0,4.0,workshop 3 privacy policy and consent process,1,0,1,1,0
514,88.1 Fraunhofer - RGPD,4.0,4.0,workshop 1 data treatment process,1,0,1,1,0
515,88.1 Fraunhofer - RGPD,8.0,8.0,initial evaluation,1,0,1,1,0
516,88.1 Fraunhofer - RGPD,2.0,2.0,steering meeting,1,0,1,1,0
517,88.1 Fraunhofer - RGPD,10.0,10.0,project and process monitoring,1,0,1,1,0
518,88.1 Fraunhofer - RGPD,1.0,1.0,internal closure,1,0,1,1,0
519,88.1 Fraunhofer - RGPD,1.0,1.0,external closure,1,0,1,1,0
520,90.1 VGMAA - RGPD,1.0,1.0,workshop plan,1,0,1,1,0
521,90.1 VGMAA - RGPD,4.0,4.0,initial training,1,0,1,1,0
522,90.1 VGMAA - RGPD,2.0,2.0,kickoff meeting,1,0,1,1,0
523,90.1 VGMAA - RGPD,2.0,2.0,kick off presentation,1,0,1,1,0
524,90.1 VGMAA - RGPD,1.0,1.0,project configuration,1,0,1,1,0
525,90.1 VGMAA - RGPD,2.0,2.0,followup meeting 5,1,0,1,1,0
526,90.1 VGMAA - RGPD,2.0,2.0,monitoring meeting 4,1,0,1,1,0
527,90.1 VGMAA - RGPD,2.0,2.0,monitoring meeting 3,1,0,1,1,0
528,90.1 VGMAA - RGPD,2.0,2.0,monitoring meeting 2,1,0,1,1,0
529,90.1 VGMAA - RGPD,2.0,2.0,monitoring meeting 1,1,0,1,1,0
530,90.1 VGMAA - RGPD,16.0,16.0,final evaluation plan,1,0,1,1,0
531,90.1 VGMAA - RGPD,4.0,4.0,workshop 6 information security,1,0,1,1,0
532,90.1 VGMAA - RGPD,4.0,4.0,workshop 4 data violation and order management,1,0,1,1,0
533,90.1 VGMAA - RGPD,4.0,4.0,workshop 2 risk treatment process,1,0,1,1,0
534,90.1 VGMAA - RGPD,8.0,8.0,initial evaluation,1,0,1,1,0
535,90.1 VGMAA - RGPD,8.0,8.0,project and process monitoring,1,0,1,1,0
536,90.1 VGMAA - RGPD,1.0,1.0,internal closure,1,0,1,1,0
537,90.1 VGMAA - RGPD,1.0,1.0,external closure,1,0,1,1,0
538,92.1 G9 - ISO 27001,8.0,8.0, iso 27001 folder and project organization,1,0,1,1,0
539,92.1 G9 - ISO 27001,8.0,32.0, iso27001 kickoff initial diagnosis,4,0,1,1,0
540,92.1 G9 - ISO 27001,4.0,4.0, iso 27001 initial diagnostic report,1,0,1,1,0
541,92.1 G9 - ISO 27001,8.0,8.0, iso 27001 conclusion report,1,0,1,1,0
542,92.1 G9 - ISO 27001,4.0,4.0, iso 27001 preparation report,1,0,1,1,0
543,92.1 G9 - ISO 27001,1.0,1.0,presentation  result,1,0,1,1,0
544,92.1 G9 - ISO 27001,4.0,4.0, iso27001 conclusion report,1,0,1,1,0
545,92.1 G9 - ISO 27001,4.0,4.0, iso 27001 shipping initial diagnostic report,1,0,1,1,0
546,92.1 G9 - ISO 27001,8.0,8.0, iso 27001 preparation of the report,1,0,1,0,0
547,92.1 G9 - ISO 27001,4.0,4.0,result iso 27001  meeting,1,0,1,1,0
548,92.1 G9 - ISO 27001,8.0,8.0, iso27001 conclusion report,1,0,1,1,0
549,92.1 G9 - ISO 27001,4.0,12.0,workshop 8 purchase and legal,3,0,1,1,1
550,92.1 G9 - ISO 27001,4.0,12.0,workshop 7 physical and logical control access production facility,3,0,1,1,1
551,92.1 G9 - ISO 27001,4.0,12.0,workshop 6 rh marketing,3,0,1,1,1
552,92.1 G9 - ISO 27001,4.0,12.0,workshop 5 business continuity,3,0,1,1,1
553,92.1 G9 - ISO 27001,4.0,12.0,workshop 4 capacity and availability management,3,0,1,1,1
554,92.1 G9 - ISO 27001,4.0,12.0,workshop 3 vulnerability problem and incident management,3,0,1,1,1
555,92.1 G9 - ISO 27001,4.0,12.0,workshop 2 integrated system management quality,3,0,1,1,1
556,92.1 G9 - ISO 27001,4.0,12.0,workshop 1 information security risk analysis and treatment,3,0,1,1,1
557,92.1 G9 - ISO 27001,4.0,4.0, iso 27001 preparation workshop,1,0,1,1,0
558,92.1 G9 - ISO 27001,4.0,4.0, iso 27001 preparation of workshop,1,0,1,1,0
559,92.1 G9 - ISO 27001,4.0,4.0, iso 27001 preparation workshop system management,1,0,1,1,0
560,92.1 G9 - ISO 27001,4.0,4.0, iso 27001 preparation of workshop,1,0,1,1,0
561,92.1 G9 - ISO 27001,4.0,4.0, iso 27001 preparation of system management workshop,1,0,1,1,0
562,92.1 G9 - ISO 27001,4.0,4.0, iso 27001 preparation of system management workshop,1,0,1,1,0
563,92.1 G9 - ISO 27001,4.0,4.0, iso 27001 preparation of workshop,1,0,1,1,0
564,92.1 G9 - ISO 27001,4.0,4.0, iso 27001 preparation of workshop continuity hr capacity,1,0,1,1,0
565,92.1 G9 - ISO 27001,4.0,4.0, iso 27001 finding registration,1,0,1,1,0
566,92.1 G9 - ISO 27001,4.0,4.0, iso 27001 preparation of workshop continuity hr capacity,1,0,1,1,0
567,92.1 G9 - ISO 27001,8.0,8.0, iso 27001 preparation workshop,1,0,1,1,0
568,92.1 G9 - ISO 27001,4.0,4.0, iso 27001 preparation workshop,1,0,1,1,0
569,92.1 G9 - ISO 27001,4.0,4.0, iso27001 workshop preparation,1,0,1,1,0
570,92.1 G9 - ISO 27001,4.0,4.0, iso27001 preparation of workshop,1,0,1,1,0
571,92.1 G9 - ISO 27001,4.0,4.0, iso 27001 preparation workshop,1,0,1,1,0
572,92.1 G9 - ISO 27001,4.0,4.0, preparing presentation workshop hr,1,0,1,1,0
573,92.1 G9 - ISO 27001,6.0,6.0, iso 27001 hr workshop preparation,1,0,1,1,0
574,92.1 G9 - ISO 27001,8.0,8.0, iso 27001 hr workshop preparation,1,0,1,1,0
575,92.1 G9 - ISO 27001,2.0,2.0, iso 27001 not conformity verification,1,0,1,1,0
576,92.1 G9 - ISO 27001,4.0,4.0, iso 27001 preparation next step check finding,1,0,1,1,0
577,92.1 G9 - ISO 27001,1.0,1.0, download wiki document,1,0,1,1,0
578,92.1 G9 - ISO 27001,8.0,8.0, iso 27001 preparation finding prioritization of finding,1,0,1,1,0
579,92.1 G9 - ISO 27001,5.0,5.0, preparar template,1,0,1,1,0
580,92.1 G9 - ISO 27001,2.0,2.0, preparar template,1,0,1,1,0
581,92.1 G9 - ISO 27001,5.0,5.0, preparar template,1,0,1,1,0
582,92.1 G9 - ISO 27001,2.0,2.0, preparar template,1,0,1,1,0
583,92.1 G9 - ISO 27001,8.0,8.0, reply to finding with template,1,0,1,1,0
584,92.1 G9 - ISO 27001,1.0,1.0,accompaniment 13,1,0,1,1,1
585,92.1 G9 - ISO 27001,2.0,2.0,accompaniment 12,1,0,1,1,1
586,92.1 G9 - ISO 27001,4.0,4.0, iso 27001 analyze registration finding scraim,1,0,1,1,0
587,92.1 G9 - ISO 27001,4.0,4.0, iso 27001 review document,1,0,1,1,0
588,92.1 G9 - ISO 27001,4.0,4.0, iso 27001 preparation of followup,1,0,1,1,0
589,92.1 G9 - ISO 27001,4.0,4.0, iso 27001 followup,1,0,1,1,0
590,92.1 G9 - ISO 27001,4.0,4.0, iso 27001 preparation monitoring,1,0,1,1,0
591,92.1 G9 - ISO 27001,4.0,4.0, iso 27001 followup,1,0,1,1,0
592,92.1 G9 - ISO 27001,4.0,4.0, review isoiec 27001 document,1,0,1,1,0
593,92.1 G9 - ISO 27001,4.0,4.0, accompaniment isoiec 27001,1,0,1,1,0
594,92.1 G9 - ISO 27001,4.0,4.0, 27001 review of comment with comment,1,0,1,1,0
595,92.1 G9 - ISO 27001,2.0,2.0, iso 27001 document,1,0,1,1,0
596,92.1 G9 - ISO 27001,4.0,4.0, monitoring,1,0,1,1,0
597,92.1 G9 - ISO 27001,4.0,4.0, iso27001 verification of document,1,0,1,1,0
598,92.1 G9 - ISO 27001,4.0,4.0, iso 27001 monitoring meeting,1,0,1,1,0
599,92.1 G9 - ISO 27001,6.0,6.0, iso 27001 documentation review,1,0,1,1,0
600,92.1 G9 - ISO 27001,4.0,4.0, accompaniment iso 27001,1,0,1,1,0
601,92.1 G9 - ISO 27001,4.0,4.0, 27001 accomprehension preparation iso 27001,1,0,1,1,0
602,92.1 G9 - ISO 27001,1.0,1.0, alignment meeting,1,0,1,1,0
603,92.1 G9 - ISO 27001,2.0,2.0, review and comment,1,0,1,1,0
604,92.1 G9 - ISO 27001,4.0,4.0, preparation of excel monitoring,1,0,1,1,0
605,92.1 G9 - ISO 27001,4.0,4.0, monitoring,1,0,1,1,0
606,92.1 G9 - ISO 27001,4.0,4.0, accompaniment iso 27001 risk,1,0,1,1,0
607,92.1 G9 - ISO 27001,2.0,2.0, monitoring,1,0,1,1,0
608,92.1 G9 - ISO 27001,4.0,4.0, iso27001 risk management monitoring,1,0,1,1,0
609,92.1 G9 - ISO 27001,3.0,3.0, review added documentation,1,0,1,1,0
610,92.1 G9 - ISO 27001,4.0,4.0, iso 27001 monitoring meeting,1,0,1,1,0
611,92.1 G9 - ISO 27001,4.0,4.0, monitoring,1,0,1,1,0
612,92.1 G9 - ISO 27001,4.0,4.0, monitoring capacity management,1,0,1,1,0
613,92.1 G9 - ISO 27001,2.0,2.0, review added documentation,1,0,1,1,0
614,92.1 G9 - ISO 27001,4.0,4.0, monitoring,1,0,1,1,0
615,92.1 G9 - ISO 27001,3.0,3.0, iso27001 monitoring,1,0,1,1,0
616,92.1 G9 - ISO 27001,2.0,2.0, iso 27001 preparing monitoring day 12,1,0,1,1,0
617,92.1 G9 - ISO 27001,4.0,4.0, iso 27001 accompanying excel,1,0,1,1,0
618,92.1 G9 - ISO 27001,3.0,3.0, monitoring,1,0,1,1,0
619,92.1 G9 - ISO 27001,4.0,4.0, iso 27001 followup,1,0,1,1,0
620,95.1 Procensus - ISO 27001,8.0,8.0, 27001 review of the gap analysis initial report,1,0,1,1,0
621,95.1 Procensus - ISO 27001,4.0,4.0, 27001 review task scraim,1,0,1,1,0
622,95.1 Procensus - ISO 27001,4.0,4.0, 27001 accompaniment 4,1,0,1,1,0
623,95.1 Procensus - ISO 27001,4.0,4.0, monitoring,1,0,1,1,0
624,95.1 Procensus - ISO 27001,4.0,4.0,new rgpd class,1,0,1,1,0
625,95.1 Procensus - ISO 27001,4.0,4.0,proncensus iso 27001 monitoring next action,1,0,1,1,0
626,95.1 Procensus - ISO 27001,4.0,4.0, iso 27001 followup,1,0,1,1,0
627,95.1 Procensus - ISO 27001,4.0,4.0, iso 27001 risk followup preparation,1,0,1,1,0
628,95.1 Procensus - ISO 27001,4.0,4.0, iso 27001 workshop physical and logical control management,1,0,1,1,0
629,95.1 Procensus - ISO 27001,4.0,4.0, iso 27001 accompaniment risk,1,0,1,1,0
630,95.1 Procensus - ISO 27001,2.0,2.0, iso 27001 preparing monitoring day 13,1,0,1,1,0
631,95.1 Procensus - ISO 27001,4.0,4.0, iso 27001 preparing monitoring day 13,1,0,1,1,0
632,95.1 Procensus - ISO 27001,4.0,4.0, iso 27001 followup,1,0,1,1,0
633,95.1 Procensus - ISO 27001,6.0,6.0, internal work,1,0,1,1,0
634,95.1 Procensus - ISO 27001,4.0,4.0, iso 27001 followup preparation,1,0,1,1,0
635,95.1 Procensus - ISO 27001,8.0,8.0, iso 27001 followup,1,0,1,1,0
636,95.1 Procensus - ISO 27001,8.0,8.0, monitoring,1,0,1,1,0
637,95.1 Procensus - ISO 27001,4.0,4.0, iso 27001 terminar steering,1,0,1,1,0
638,95.1 Procensus - ISO 27001,4.0,4.0,strongstep processo 27001,1,0,1,1,0
639,95.1 Procensus - ISO 27001,4.0,4.0, iso 27001 followup,1,0,1,1,0
640,95.1 Procensus - ISO 27001,3.0,3.0, monitoring,1,0,1,1,0
641,95.1 Procensus - ISO 27001,1.0,1.0, review action,1,0,1,1,0
642,95.1 Procensus - ISO 27001,1.0,1.0, scraim mapping,1,0,1,1,0
643,95.1 Procensus - ISO 27001,2.0,2.0, iso 27001 followup,1,0,1,1,0
644,95.1 Procensus - ISO 27001,2.0,2.0, mapping in scraim,1,0,1,1,0
645,95.1 Procensus - ISO 27001,4.0,4.0, iso 27001 reply certifying entity,1,0,1,1,0
646,95.1 Procensus - ISO 27001,4.0,4.0, iso 27001 update scraim task,1,0,1,1,0
647,95.1 Procensus - ISO 27001,4.0,4.0, iso 27001 update task scraim,1,0,1,1,0
648,95.1 Procensus - ISO 27001,1.0,1.0, mapping in scraim,1,0,1,1,0
649,95.1 Procensus - ISO 27001,3.0,3.0, préteaering,1,0,1,1,0
650,95.1 Procensus - ISO 27001,2.0,2.0, iso 27001 clarification of punctual doubt,1,0,1,1,0
651,95.1 Procensus - ISO 27001,6.0,6.0, iso 27001 gap analysis alignment,1,0,1,1,0
652,95.1 Procensus - ISO 27001,6.0,6.0, iso 27001 alignment gap analysis,1,0,1,1,0
653,95.1 Procensus - ISO 27001,16.0,16.0, iso 27001 gap analysis,1,0,1,1,0
654,95.1 Procensus - ISO 27001,8.0,8.0, iso 27001 gap analysis,1,0,1,1,0
655,95.1 Procensus - ISO 27001,8.0,8.0, gap analysis,1,0,1,1,0
656,95.1 Procensus - ISO 27001,8.0,8.0, gap analysis,1,0,1,1,0
657,95.1 Procensus - ISO 27001,8.0,8.0, gap analysis,1,0,1,1,0
658,95.1 Procensus - ISO 27001,4.0,4.0, gap analysis report,1,0,1,1,0
659,95.1 Procensus - ISO 27001,8.0,8.0, iso 27001 workshop risk and workshop management change incident request,1,0,1,1,0
660,95.1 Procensus - ISO 27001,4.0,4.0, iso 27001 report,1,0,1,1,0
661,95.1 Procensus - ISO 27001,4.0,4.0, iso 27001 include finding in scraim,1,0,1,1,0
662,95.1 Procensus - ISO 27001,4.0,4.0, workshop risk management,1,0,1,1,0
663,95.1 Procensus - ISO 27001,4.0,4.0, workshop incident management review,1,0,1,1,0
664,95.1 Procensus - ISO 27001,8.0,8.0, workshop risk management and incident management,1,0,1,1,0
665,95.1 Procensus - ISO 27001,4.0,4.0, workshop risk management preparation,1,0,1,1,0
666,95.1 Procensus - ISO 27001,8.0,8.0, iso 27001 risk workshop and incident,1,0,1,1,0
667,95.1 Procensus - ISO 27001,2.0,2.0, iso 27001 workshop alignment,1,0,1,1,0
668,95.1 Procensus - ISO 27001,2.0,2.0, iso 27001 workshop of incident,1,0,1,1,0
669,95.1 Procensus - ISO 27001,8.0,8.0, workshop 1,1,0,1,1,0
670,95.1 Procensus - ISO 27001,5.0,5.0, iso 27001 preparation workshop capacity management continuity availability and system,1,0,1,1,0
671,95.1 Procensus - ISO 27001,4.0,4.0, workshop management capacity continuity availability and system,1,0,1,1,0
672,95.1 Procensus - ISO 27001,4.0,4.0, iso 27001 preparation workshop capacity management continuity availability and system,1,0,1,1,0
673,95.1 Procensus - ISO 27001,8.0,8.0, preparation workshop continuity management capacity availability and system,1,0,1,1,0
674,95.1 Procensus - ISO 27001,4.0,4.0, preparation workshop continuity management capacity availability and system,1,0,1,1,0
675,95.1 Procensus - ISO 27001,4.0,4.0, iso27001 excel asset,1,0,1,1,0
676,95.1 Procensus - ISO 27001,2.0,2.0, workshop risco,1,0,1,1,0
677,95.1 Procensus - ISO 27001,2.0,2.0, iso 27001 rh workshop preparation and marketing,1,0,1,1,0
678,95.1 Procensus - ISO 27001,3.0,3.0, iso 27001 rh workshop preparation and marketing,1,0,1,1,0
679,95.1 Procensus - ISO 27001,1.0,1.0, iso 27001 rh workshop preparation and marketing,1,0,1,1,0
680,95.1 Procensus - ISO 27001,2.0,2.0, followup preparation,1,0,1,1,0
681,95.1 Procensus - ISO 27001,4.0,4.0, iso 27001 rh and marketing workshop,1,0,1,1,0
682,95.1 Procensus - ISO 27001,8.0,8.0, accompaniment1,1,0,1,1,0
683,95.1 Procensus - ISO 27001,8.0,8.0, accompaniment2,1,0,1,1,0
684,95.1 Procensus - ISO 27001,1.0,1.0, monitoring,1,0,1,1,0
685,95.1 Procensus - ISO 27001,4.0,4.0, monitoring marketing,1,0,1,1,0
686,96.1. Nomad Tech - ISO 27001,1.0,1.0, iso 27001 review document,1,0,1,1,0
687,96.1. Nomad Tech - ISO 27001,1.0,1.0, iso 27001 preparation system review,1,0,1,1,0
688,96.1. Nomad Tech - ISO 27001,4.0,4.0, iso 27001 system review,1,0,1,1,0
689,96.1. Nomad Tech - ISO 27001,2.0,2.0, iso 27001 sharing session,1,0,1,1,0
690,96.1. Nomad Tech - ISO 27001,2.0,2.0, iso 27001 preparation sharing session,1,0,1,1,0
691,96.1. Nomad Tech - ISO 27001,1.0,1.0, iso 27001 sharing session,1,0,1,1,0
692,96.1. Nomad Tech - ISO 27001,1.0,1.0, iso 27001 preparation final evaluation,1,0,1,1,0
693,96.1. Nomad Tech - ISO 27001,16.0,16.0, iso 27001 internal internal audit,1,0,1,1,1
694,96.1. Nomad Tech - ISO 27001,6.0,6.0, iso 27001 preparation report internal internal audit,1,0,1,1,0
695,96.1. Nomad Tech - ISO 27001,1.0,1.0, iso 27001 preparation final audit,1,0,1,1,0
696,96.1. Nomad Tech - ISO 27001,3.0,3.0, iso 27001 point of situation,1,0,1,1,0
697,96.1. Nomad Tech - ISO 27001,7.5,7.5, internal audit tbc,1,0,1,1,0
698,96.1. Nomad Tech - ISO 27001,7.0,7.0, internal audit tbc,1,0,1,1,0
699,96.1. Nomad Tech - ISO 27001,3.0,3.0, iso 27001 preparation declaration of applicability,1,0,1,1,0
700,96.1. Nomad Tech - ISO 27001,2.0,2.0,nomad report,1,0,1,1,0
701,96.1. Nomad Tech - ISO 27001,2.0,2.0, iso 27001 preliminary presentation of result,1,0,1,1,0
702,96.1. Nomad Tech - ISO 27001,2.0,2.0, iso 27001 final presentation of result,1,0,1,1,0
703,96.1. Nomad Tech - ISO 27001,2.0,2.0, iso 27001 preparation plan corrective action,1,0,1,1,0
704,96.1. Nomad Tech - ISO 27001,1.0,1.0, iso 27001 preparation report internal internal audit,1,0,1,1,0
705,96.1. Nomad Tech - ISO 27001,0.5,0.5, report final evaluation iso27001,1,0,1,1,0
706,96.1. Nomad Tech - ISO 27001,4.0,4.0, iso 27001 tracking corrective action,1,0,1,1,0
707,96.1. Nomad Tech - ISO 27001,1.0,1.0, iso 27001 cv preparation certificate,1,0,1,1,0
708,96.1. Nomad Tech - ISO 27001,0.5,0.5,nomad send cv and certificate internal auditor,1,0,1,1,0
709,96.1. Nomad Tech - ISO 27001,1.5,1.5, iso 27001 review corrective action,1,0,1,1,0
710,96.1. Nomad Tech - ISO 27001,4.0,4.0, iso 27001 tracking corrective action,1,0,1,1,0
711,96.1. Nomad Tech - ISO 27001,1.5,1.5, iso 27001 monitoring corrective action audit preview,1,0,1,1,0
712,96.1. Nomad Tech - ISO 27001,2.0,2.0, iso 27001 review documentation,1,0,1,1,0
713,96.1. Nomad Tech - ISO 27001,0.5,0.5, iso 27001 question review,1,0,1,1,0
714,96.1. Nomad Tech - ISO 27001,4.0,4.0,followup 2,1,0,1,1,1
715,96.1. Nomad Tech - ISO 27001,4.0,4.0,followup 1,1,0,1,1,1
716,96.1. Nomad Tech - ISO 27001,4.0,4.0,accompaniment 7,1,0,1,1,1
717,96.1. Nomad Tech - ISO 27001,4.0,4.0,accompaniment 6,1,0,1,1,1
718,96.1. Nomad Tech - ISO 27001,2.0,2.0,accompaniment 18,1,0,1,1,1
719,96.1. Nomad Tech - ISO 27001,2.0,2.0,accompaniment 17,1,0,1,1,1
720,96.1. Nomad Tech - ISO 27001,2.0,2.0,accompaniment 16,1,0,1,1,1
721,96.1. Nomad Tech - ISO 27001,2.0,2.0,accompaniment 15,1,0,1,1,1
722,96.1. Nomad Tech - ISO 27001,2.0,2.0,accompaniment 14,1,0,1,1,1
723,96.1. Nomad Tech - ISO 27001,2.0,2.0,accompaniment 13,1,0,1,1,1
724,96.1. Nomad Tech - ISO 27001,2.0,2.0,accompaniment 12,1,0,1,1,1
725,96.1. Nomad Tech - ISO 27001,2.0,2.0,followup 11,1,0,1,1,1
726,96.1. Nomad Tech - ISO 27001,3.0,3.0,accompaniment 10,1,0,1,1,1
727,96.1. Nomad Tech - ISO 27001,4.0,4.0,accompaniment 9,1,0,1,1,1
728,96.1. Nomad Tech - ISO 27001,4.0,4.0,accompaniment 8,1,0,1,1,1
729,96.1. Nomad Tech - ISO 27001,27.0,27.0, 27001 accompaniment,1,0,1,1,1
730,96.1. Nomad Tech - ISO 27001,2.0,2.0,followup 5,1,0,1,1,1
731,96.1. Nomad Tech - ISO 27001,2.0,2.0,gap analysis initial presentation of result,1,0,1,1,0
732,96.1. Nomad Tech - ISO 27001,2.0,2.0,gap analysis initial pre presentation result,1,0,1,1,0
733,96.1. Nomad Tech - ISO 27001,4.0,4.0,initial gap analysis report,1,0,1,1,0
734,96.1. Nomad Tech - ISO 27001,16.0,16.0,gap analysis inicial,1,0,1,1,0
735,96.1. Nomad Tech - ISO 27001,4.0,4.0,accompaniment 4,1,0,1,1,1
736,96.1. Nomad Tech - ISO 27001,4.0,8.0,accompaniment 3,2,0,1,1,1
737,96.1. Nomad Tech - ISO 27001,2.0,6.0,gap analysis intermediate presentation of result,3,0,1,1,0
738,96.1. Nomad Tech - ISO 27001,4.0,8.0,gap analysis intermediate report,2,0,1,1,0
739,96.1. Nomad Tech - ISO 27001,16.0,48.0,gap analysis intermediate,3,0,1,1,0
740,96.1. Nomad Tech - ISO 27001,2.0,6.0,gap analysis intermediate pre presentation of result,3,0,1,1,0
741,96.1. Nomad Tech - ISO 27001,1.0,1.0, iso 27001 review document followup,1,0,1,1,1
742,96.1. Nomad Tech - ISO 27001,2.0,2.0, iso 27001 answer the question,1,0,1,1,1
743,96.1. Nomad Tech - ISO 27001,3.0,3.0, iso 27001 review declaration applicability,1,0,1,1,1
744,96.1. Nomad Tech - ISO 27001,2.0,2.0, iso 27001 applicability statement,1,0,1,1,1
745,96.1. Nomad Tech - ISO 27001,2.0,2.0,commercial elaboration proposed  50128,1,0,1,1,1
746,96.1. Nomad Tech - ISO 27001,3.0,3.0, iso 27001 preparation intermediate evaluation and statement of applicability,1,0,1,1,1
747,96.1. Nomad Tech - ISO 27001,2.0,2.0, iso 27001 preparing intermediate audit,1,0,1,1,1
748,96.1. Nomad Tech - ISO 27001,1.5,1.5, iso 27001 preparation declaration of applicability,1,0,1,1,1
749,96.1. Nomad Tech - ISO 27001,2.0,2.0, iso 27001 review document followup,1,0,1,1,1
750,96.1. Nomad Tech - ISO 27001,4.0,4.0, iso 27001 preparation of the intermediate audit report,1,0,1,1,1
751,96.1. Nomad Tech - ISO 27001,4.0,4.0, iso 27001 intermediate audit,1,0,1,1,1
752,96.1. Nomad Tech - ISO 27001,8.0,8.0, iso 27001 intermediate audit,1,0,1,1,1
753,96.1. Nomad Tech - ISO 27001,4.0,4.0, iso 27001 preparation report intermediate rating,1,0,1,1,1
754,96.1. Nomad Tech - ISO 27001,4.0,4.0, iso 27001 intermediate rating,1,0,1,1,1
755,96.1. Nomad Tech - ISO 27001,8.0,8.0, iso 27001 intermediate rating,1,0,1,1,1
756,96.1. Nomad Tech - ISO 27001,2.0,2.0, response training,1,0,1,1,1
757,96.1. Nomad Tech - ISO 27001,1.0,1.0, iso 27001 alignment intermediate audit,1,0,1,1,1
758,96.1. Nomad Tech - ISO 27001,3.0,3.0, 27001 intermediate internal audit,1,0,1,1,1
759,96.1. Nomad Tech - ISO 27001,4.0,4.0, 27001 intermediate internal audit,1,0,1,1,1
760,96.1. Nomad Tech - ISO 27001,8.0,8.0, 27001 intermediate internal audit,1,0,1,1,1
761,96.1. Nomad Tech - ISO 27001,2.0,2.0, iso 27001 set corrective action,1,0,1,1,1
762,96.1. Nomad Tech - ISO 27001,1.0,1.0, iso 27001 set corrective action,1,0,1,1,1
763,96.1. Nomad Tech - ISO 27001,2.0,2.0, iso 27001 set corrective action,1,0,1,1,1
764,96.1. Nomad Tech - ISO 27001,1.0,1.0,nomad slide formation,1,0,1,1,1
765,96.1. Nomad Tech - ISO 27001,3.0,3.0, iso 27001 review report intermediate audit,1,0,1,1,1
766,96.1. Nomad Tech - ISO 27001,6.0,6.0, presentation report,1,0,1,1,1
767,96.1. Nomad Tech - ISO 27001,1.0,1.0, iso 27001 preparation report intermediate rating,1,0,1,1,1
768,96.1. Nomad Tech - ISO 27001,4.0,4.0, iso 27001 preparar documento sharing session,1,0,1,1,1
769,96.1. Nomad Tech - ISO 27001,4.0,4.0, iso 27001 preparation training iso 27001,1,0,1,1,1
770,96.1. Nomad Tech - ISO 27001,4.0,4.0, iso 27001 iso 27001,1,0,1,1,1
771,96.1. Nomad Tech - ISO 27001,2.0,2.0, iso 27001 review iso 27001,1,0,1,1,1
772,96.1. Nomad Tech - ISO 27001,2.0,2.0, iso 27001 define corrective action in scraim,1,0,1,1,1
773,96.1. Nomad Tech - ISO 27001,4.0,4.0, iso 27001 iso 27001,1,0,1,1,1
774,96.1. Nomad Tech - ISO 27001,8.0,8.0, iso 27001 preparation training iso 27001,1,0,1,1,1
775,96.1. Nomad Tech - ISO 27001,1.0,1.0, iso 27001 preparation training iso 27001,1,0,1,1,1
776,96.1. Nomad Tech - ISO 27001,3.0,3.0, iso 27001 iso 27001,1,0,1,1,1
777,96.1. Nomad Tech - ISO 27001,1.0,1.0, iso 27001 preparation training iso 27001,1,0,1,1,1
778,96.1. Nomad Tech - ISO 27001,2.0,2.0,rever formação  iso27001,1,0,1,1,1
779,96.1. Nomad Tech - ISO 27001,8.0,8.0, iso 27001 preparation training iso 27001,1,0,1,1,1
780,96.1. Nomad Tech - ISO 27001,4.0,4.0,prepare  training iso27001 sharing session slide workshop,1,0,1,1,1
781,96.1. Nomad Tech - ISO 27001,4.0,4.0, training iso27001 sharing session,1,0,1,1,1
782,96.1. Nomad Tech - ISO 27001,4.0,4.0, iso 27001 preparation training iso 27001,1,0,1,1,1
783,96.1. Nomad Tech - ISO 27001,1.0,1.0, iso 27001 preparation monitoring,1,0,1,1,1
784,96.1. Nomad Tech - ISO 27001,1.0,1.0,training  control exercise,1,0,1,1,1
785,96.1. Nomad Tech - ISO 27001,3.0,3.0, iso 27001 rever document,1,0,1,1,1
786,96.1. Nomad Tech - ISO 27001,2.0,2.0,rever training nomad my iso27001 control,1,0,1,1,1
787,96.1. Nomad Tech - ISO 27001,1.0,1.0, iso 27001 preparation monitoring,1,0,1,1,1
788,96.1. Nomad Tech - ISO 27001,2.0,2.0, iso 27001 preparation monitoring,1,0,1,1,1
789,96.1. Nomad Tech - ISO 27001,3.0,3.0, iso 27001 preparation monitoring,1,0,1,1,1
790,96.1. Nomad Tech - ISO 27001,2.0,4.0, iso 27001 steering,2,0,1,1,1
791,96.1. Nomad Tech - ISO 27001,2.0,2.0, iso 27001 review document,1,0,1,1,1
792,96.1. Nomad Tech - ISO 27001,2.0,4.0, iso 27001 presteering,2,0,1,1,1
793,96.1. Nomad Tech - ISO 27001,3.0,3.0, iso 27001 steel preparation,1,0,1,1,1
794,96.1. Nomad Tech - ISO 27001,3.0,3.0, kickoff,1,0,1,1,0
795,96.1. Nomad Tech - ISO 27001,2.0,2.0, gap alignment analysis,1,0,1,1,0
796,96.1. Nomad Tech - ISO 27001,2.0,2.0, preparar gap analysis,1,0,1,1,0
797,96.1. Nomad Tech - ISO 27001,2.0,2.0, kickoff,1,0,1,1,0
798,96.1. Nomad Tech - ISO 27001,4.0,4.0, colocar finding gap analysis scraim,1,0,1,1,0
799,96.1. Nomad Tech - ISO 27001,4.0,4.0, workshop rh marketing,1,0,1,1,0
800,96.1. Nomad Tech - ISO 27001,4.0,4.0, preparation and alignment of workshop,1,0,1,1,0
801,96.1. Nomad Tech - ISO 27001,1.0,1.0, review plan of implementation,1,0,1,1,0
802,96.1. Nomad Tech - ISO 27001,4.0,4.0, position,1,0,1,1,0
803,96.1. Nomad Tech - ISO 27001,4.0,4.0, workshop incident management hr and marketing,1,0,1,1,0
804,96.1. Nomad Tech - ISO 27001,4.0,4.0, risk management,1,0,1,1,0
805,96.1. Nomad Tech - ISO 27001,4.0,4.0, rh marketing incident management and order,1,0,1,1,0
806,96.1. Nomad Tech - ISO 27001,4.0,4.0, workshop system management,1,0,1,1,0
807,96.1. Nomad Tech - ISO 27001,4.0,4.0, workshop shopping and legal,1,0,1,1,0
808,96.1. Nomad Tech - ISO 27001,4.0,4.0, workshop continuity availability capacity,1,0,1,1,0
809,96.1. Nomad Tech - ISO 27001,2.0,2.0, rever workshop,1,0,1,1,0
810,96.1. Nomad Tech - ISO 27001,4.0,4.0, prepare tracking workshop,1,0,1,1,0
811,96.1. Nomad Tech - ISO 27001,3.0,3.0, workshop physical and logical control,1,0,1,1,0
812,96.1. Nomad Tech - ISO 27001,2.0,2.0, workshop physical and logical control,1,0,1,1,0
813,96.1. Nomad Tech - ISO 27001,4.0,4.0, workshop system management,1,0,1,1,0
814,96.1. Nomad Tech - ISO 27001,4.0,4.0, workshop shopping and legal,1,0,1,1,0
815,96.1. Nomad Tech - ISO 27001,4.0,4.0, workshop continuity availability capacity,1,0,1,1,0
816,96.1. Nomad Tech - ISO 27001,2.0,2.0, rever workshop,1,0,1,1,0
817,96.1. Nomad Tech - ISO 27001,4.0,4.0, prepare tracking workshop,1,0,1,1,0
818,96.1. Nomad Tech - ISO 27001,3.0,3.0, workshop physical and logical control,1,0,1,1,0
819,96.1. Nomad Tech - ISO 27001,2.0,2.0, workshop physical and logical control,1,0,1,1,0
820,96.1. Nomad Tech - ISO 27001,4.0,4.0, workshop shopping and legal,1,0,1,1,0
821,96.1. Nomad Tech - ISO 27001,4.0,4.0, workshop system management,1,0,1,1,0
822,96.1. Nomad Tech - ISO 27001,2.0,2.0, workshop physical and logical control,1,0,1,1,0
823,96.1. Nomad Tech - ISO 27001,2.0,2.0, workshop physical and logical control,1,0,1,1,0
824,96.1. Nomad Tech - ISO 27001,4.0,4.0, workshop shopping and legal,1,0,1,1,0
825,96.1. Nomad Tech - ISO 27001,4.0,4.0, iso 27001 workshop sistema sgsi,1,0,1,1,0
826,96.1. Nomad Tech - ISO 27001,2.0,2.0, workshop physical and logical control,1,0,1,1,0
827,96.1. Nomad Tech - ISO 27001,4.0,4.0, workshop physical and logical control,1,0,1,1,0
828,96.1. Nomad Tech - ISO 27001,4.0,4.0, workshop continuity availability capacity,1,0,1,1,0
829,96.1. Nomad Tech - ISO 27001,4.0,4.0, iso 27001 capacity management continuity and availability,1,0,1,1,0
830,96.1. Nomad Tech - ISO 27001,2.0,2.0, ida guifões,1,0,1,1,0
831,96.1. Nomad Tech - ISO 27001,4.0,4.0, workshop preparation capacity management continuity and availability,1,0,1,1,0
832,96.1. Nomad Tech - ISO 27001,4.0,4.0, 27001 shrinkers,1,0,1,1,0
833,96.1. Nomad Tech - ISO 27001,4.0,4.0, workshop risk management,1,0,1,1,0
834,96.1. Nomad Tech - ISO 27001,4.0,4.0, workshop risk management,1,0,1,1,0
835,96.1. Nomad Tech - ISO 27001,6.0,6.0, workshop physical and logical control,1,0,1,1,0
836,96.1. Nomad Tech - ISO 27001,6.0,6.0, 27001 workshop logical and physical control part 1,1,0,1,1,0
837,96.1. Nomad Tech - ISO 27001,4.0,4.0, workshop physical and logical control part 2,1,0,1,1,0
838,96.1. Nomad Tech - ISO 27001,4.0,4.0, iso 27001 workshop physical and logical drop,1,0,1,1,0
839,96.1. Nomad Tech - ISO 27001,4.0,4.0, workshop,1,0,1,1,0
840,96.1. Nomad Tech - ISO 27001,4.0,4.0, iso 27001 workshop order management and incident,1,0,1,1,0
841,96.1. Nomad Tech - ISO 27001,2.0,2.0, iso 27001 scraim mapping,1,0,1,1,0
842,96.1. Nomad Tech - ISO 27001,4.0,4.0, iso 27001 see support material,1,0,1,1,0
843,96.1. Nomad Tech - ISO 27001,4.0,4.0, iso 27001 see support material,1,0,1,1,0
844,96.1. Nomad Tech - ISO 27001,4.0,4.0, iso 27001 see iso 27001,1,0,1,1,0
845,96.1. Nomad Tech - ISO 27001,4.0,4.0, review document followup,1,0,1,1,0
846,96.1. Nomad Tech - ISO 27001,1.0,1.0, review document followup,1,0,1,1,0
847,96.1. Nomad Tech - ISO 27001,4.0,4.0, review document followup,1,0,1,1,0
848,96.1. Nomad Tech - ISO 27001,4.0,4.0,nomad iso27001 review client document,1,0,1,1,0
849,98.1 Projeto FARE - RGPD,1.0,1.0,workshop plan,1,0,1,1,0
850,98.1 Projeto FARE - RGPD,2.0,2.0,kickoff meeting,1,0,1,1,0
851,98.1 Projeto FARE - RGPD,2.0,2.0,kick off presentation,1,0,1,1,0
852,98.1 Projeto FARE - RGPD,1.0,1.0,project configuration,1,0,1,1,0
